state_id,college_id,college_name,city,type,ownership,website,source_url_primary,source_url_secondary,stream_id,course_id,geography_lens_ids,confidence_level,notes
KA,iisc_bengaluru,Indian Institute of Science Bengaluru,Bengaluru,Institute of Eminence,Public,https://iisc.ac.in/,https://iisc.ac.in/,https://www.ugc.gov.in/,science_stats,science_stats_generic,"state_comfort|national_level",high,"National research institute; verify latest UG admissions policy each cycle."
GJ,cept_university_ahmedabad,CEPT University Ahmedabad,Ahmedabad,Private university,Private,https://cept.ac.in/,https://cept.ac.in/,https://www.coa.gov.in/,architecture,architecture_generic,"state_comfort|national_level",medium,"Architecture-focused intake; verify current entrance and counselling route."
DL,aiims_new_delhi,AIIMS New Delhi,New Delhi,Institute of National Importance,Public,https://www.aiims.edu/,https://www.aiims.edu/,https://mcc.nic.in/,medicine,medicine_mbbs,"state_comfort|national_level",high,"MBBS route is NEET-UG via counselling; confirm current round schedule."
KA,nlsiu_bengaluru,National Law School of India University Bengaluru,Bengaluru,Law university,Public,https://www.nls.ac.in/,https://www.nls.ac.in/,https://consortiumofnlus.ac.in/,law,law_generic,"state_comfort|national_level",high,"National law admissions pathway; verify current counselling and domicile policies."
GJ,iim_ahmedabad,Indian Institute of Management Ahmedabad,Ahmedabad,Institute of National Importance,Public,https://www.iima.ac.in/,https://www.iima.ac.in/,https://www.ugc.gov.in/,management,management_generic,"state_comfort|national_level",high,"Management entry pathways vary by program and degree level; verify latest criteria."
UP,amity_university_noida,Amity University Noida,Noida,Private university,Private,https://www.amity.edu/noida/,https://www.amity.edu/noida/,https://www.pci.nic.in/,pharmacy,pharmacy_generic,state_comfort,medium,"Pharmacy approvals and seat matrix should be verified from official notices."
TN,nift_chennai,National Institute of Fashion Technology Chennai,Chennai,Autonomous institute,Public,https://www.nift.ac.in/chennai/,https://www.nift.ac.in/chennai/,https://nift.ac.in/admission,design,design_generic,"state_comfort|national_level",medium,"Design admissions route can vary by program; verify NIFT admission bulletin."
MH,symbiosis_pune,Symbiosis International Pune,Pune,Deemed university,Private,https://www.siu.edu.in/,https://www.siu.edu.in/,https://www.ugc.gov.in/,commerce,commerce_generic,state_comfort,medium,"Use as private university commerce benchmark; verify program-level accreditation."
MH,tiss_mumbai,Tata Institute of Social Sciences Mumbai,Mumbai,Deemed university,Public,https://www.tiss.edu/,https://www.tiss.edu/,https://www.ugc.gov.in/,humanities,humanities_generic,"state_comfort|national_level",high,"Social sciences and humanities intake pathways vary by program; verify latest admission handbook."
UP,fddi_noida,Footwear Design and Development Institute Noida,Noida,Institute of National Importance,Public,https://fddiindia.com/,https://fddiindia.com/,https://www.education.gov.in/,fashion_media,fashion_media_generic,"state_comfort|national_level",medium,"Design and media allied admissions should be verified from current prospectus."
PB,lpu_phagwara,Lovely Professional University Phagwara,Phagwara,Private university,Private,https://www.lpu.in/,https://www.lpu.in/,https://www.ugc.gov.in/,engineering,engineering_generic,state_comfort,medium,"Private engineering admissions include institute-level pathways; verify scholarship and counselling details."
TN,nit_trichy,National Institute of Technology Tiruchirappalli,Tiruchirappalli,Institute of National Importance,Public,https://www.nitt.edu/,https://www.nitt.edu/,https://josaa.nic.in/,engineering,engineering_generic,"state_comfort|national_level",high,"Engineering admission route is counselling based; verify current JoSAA and CSAB schedule."
RJ,banasthali_vidyapith_tonk,Banasthali Vidyapith Tonk,Tonk,Deemed university,Private,https://www.banasthali.org/,https://www.banasthali.org/,https://www.ugc.gov.in/,education,education_generic,state_comfort,medium,"Education programs and teacher-training approvals should be cross-checked each cycle."
UP,ivri_bareilly,Indian Veterinary Research Institute Bareilly,Bareilly,Research institute,Public,https://www.ivri.nic.in/,https://www.ivri.nic.in/,https://icar.org.in/,veterinary,veterinary_generic,state_comfort,medium,"Veterinary seat and eligibility details should be verified from ICAR and institute notifications."
DL,maulana_azad_medical_college_delhi,Maulana Azad Medical College New Delhi,New Delhi,Government medical college,Public,https://www.mamc.ac.in/,https://www.mamc.ac.in/,https://mcc.nic.in/,medicine,medicine_mbbs,"state_comfort|national_level",high,"Government medical college admissions route is counselling based via NEET-UG."
KA,manipal_college_of_dental_sciences_manipal,Manipal College of Dental Sciences Manipal,Manipal,Private dental college,Private,https://manipal.edu/mcods-manipal.html,https://manipal.edu/mcods-manipal.html,https://dciindia.gov.in/,dentistry,dentistry_generic,"state_comfort|national_level",medium,"Dental admission route and DCI recognition status should be verified from latest notices."
DL,lady_irwin_college_delhi,Lady Irwin College New Delhi,New Delhi,Constituent college,Public,https://ladyirwin.edu.in/,https://ladyirwin.edu.in/,https://www.du.ac.in/,science_stats,science_stats_generic,state_comfort,medium,"Science and home-science related admissions may follow university central counselling policies."
GJ,msu_baroda,Maharaja Sayajirao University of Baroda,Vadodara,State university,Public,https://msubaroda.ac.in/,https://msubaroda.ac.in/,https://www.ugc.gov.in/,ayush,ayush_generic,state_comfort,low,"Use as provisional AYUSH mapping pending program-level confirmation in official bulletin."
AP,gitam_visakhapatnam,GITAM Deemed to be University Visakhapatnam,Visakhapatnam,Deemed university,Private,https://www.gitam.edu/,https://www.gitam.edu/,https://www.ugc.gov.in/,engineering,engineering_generic,state_comfort,medium,"Engineering admission pathways include institute-level modes; verify latest program bulletin."
OD,kiit_bhubaneswar,Kalinga Institute of Industrial Technology Bhubaneswar,Bhubaneswar,Deemed university,Private,https://kiit.ac.in/,https://kiit.ac.in/,https://www.ugc.gov.in/,law,law_generic,"state_comfort|national_level",medium,"Law programs and entrance pathways should be verified from official admission page."
MH,st_xaviers_college_mumbai,St Xavier's College Mumbai,Mumbai,Autonomous college,Private,https://xaviers.edu/,https://xaviers.edu/,https://www.ugc.gov.in/,commerce,commerce_generic,state_comfort,medium,"Commerce admissions and seat allocations should be verified from latest college notice."
UP,jss_academy_noida,JSS Academy of Technical Education Noida,Noida,Private engineering college,Private,https://jssaten.ac.in/,https://jssaten.ac.in/,https://aktu.ac.in/,engineering,engineering_generic,state_comfort,medium,"State counselling alignment should be verified against current AKTU updates."
JH,bit_mesra_ranchi,Birla Institute of Technology Mesra Ranchi,Ranchi,Deemed university,Private,https://www.bitmesra.ac.in/,https://www.bitmesra.ac.in/,https://www.ugc.gov.in/,science_stats,science_stats_generic,state_comfort,medium,"Science programs and route mapping should be verified for latest intake year."
WB,visva_bharati_santiniketan,Visva Bharati Santiniketan,Santiniketan,Central university,Public,https://visvabharati.ac.in/,https://visvabharati.ac.in/,https://www.ugc.gov.in/,humanities,humanities_generic,state_comfort,high,"Central university humanities pathways should follow latest official admission circular."
UK,forest_research_institute_dehradun,Forest Research Institute Dehradun,Dehradun,Deemed university,Public,https://fri.icfre.gov.in/,https://fri.icfre.gov.in/,https://www.ugc.gov.in/,science_stats,science_stats_generic,state_comfort,medium,"Program-level eligibility and counselling timelines should be verified each cycle."
PB,niper_mohali,National Institute of Pharmaceutical Education and Research Mohali,Mohali,Institute of National Importance,Public,https://www.niper.ac.in/,https://www.niper.ac.in/,https://www.pci.nic.in/,pharmacy,pharmacy_generic,"state_comfort|national_level",high,"Pharmacy and allied admissions follow national process; verify current notification."
GJ,svnit_surat,Sardar Vallabhbhai National Institute of Technology Surat,Surat,Institute of National Importance,Public,https://www.svnit.ac.in/,https://www.svnit.ac.in/,https://josaa.nic.in/,engineering,engineering_generic,"state_comfort|national_level",high,"NIT admission route uses counselling; verify JoSAA and CSAB timelines."
TN,tanuvas_chennai,Tamil Nadu Veterinary and Animal Sciences University Chennai,Chennai,State university,Public,https://www.tanuvas.ac.in/,https://www.tanuvas.ac.in/,https://www.ugc.gov.in/,veterinary,veterinary_generic,state_comfort,medium,"Veterinary seat matrix and counselling route should be verified from state notifications."
TN,amrita_coimbatore,Amrita Vishwa Vidyapeetham Coimbatore,Coimbatore,Deemed university,Private,https://www.amrita.edu/campus/coimbatore/,https://www.amrita.edu/campus/coimbatore/,https://www.ugc.gov.in/,engineering,engineering_generic,"state_comfort|national_level",high,"Engineering pathways may include national test and institute processes; verify current bulletin."
MH,dypatil_pune,Dr DY Patil Vidyapeeth Pune,Pune,Deemed university,Private,https://dpu.edu.in/,https://dpu.edu.in/,https://www.ugc.gov.in/,medicine,medicine_mbbs,state_comfort,medium,"Medical admissions are counselling-linked; verify latest NEET-UG seat matrix."
GJ,parul_university_vadodara,Parul University Vadodara,Vadodara,Private university,Private,https://paruluniversity.ac.in/,https://paruluniversity.ac.in/,https://www.ugc.gov.in/,pharmacy,pharmacy_generic,state_comfort,medium,"Pharmacy approvals and intake routes should be verified from current official notices."
GJ,nirma_university_ahmedabad,Nirma University Ahmedabad,Ahmedabad,Private university,Private,https://nirmauni.ac.in/,https://nirmauni.ac.in/,https://www.ugc.gov.in/,law,law_generic,state_comfort,medium,"Law admission processes may vary by program; verify latest admission guidelines."
CH,pec_chandigarh,Punjab Engineering College Chandigarh,Chandigarh,Government engineering college,Public,https://pec.ac.in/,https://pec.ac.in/,https://josaa.nic.in/,engineering,engineering_generic,"state_comfort|national_level",high,"Counselling and category-wise cutoffs should be verified from JoSAA and institute notices."
CH,gmc_chandigarh,Government Medical College and Hospital Chandigarh,Chandigarh,Government medical college,Public,https://gmch.gov.in/,https://gmch.gov.in/,https://mcc.nic.in/,medicine,medicine_mbbs,"state_comfort|national_level",high,"Government medical admissions follow counselling process based on NEET-UG."
DL,jmi_new_delhi,Jamia Millia Islamia New Delhi,New Delhi,Central university,Public,https://www.jmi.ac.in/,https://www.jmi.ac.in/,https://www.ugc.gov.in/,humanities,humanities_generic,state_comfort,high,"Central university admissions policies should be verified each cycle for program-specific updates."
TN,srm_university_kattankulathur,SRM Institute of Science and Technology Kattankulathur,Kattankulathur,Deemed university,Private,https://www.srmist.edu.in/,https://www.srmist.edu.in/,https://www.ugc.gov.in/,design,design_generic,state_comfort,medium,"Design and allied program routes may include institute tests; verify current prospectus."
UP,rgipt_amethi,Rajiv Gandhi Institute of Petroleum Technology Amethi,Amethi,Institute of National Importance,Public,https://www.rgipt.ac.in/,https://www.rgipt.ac.in/,https://www.education.gov.in/,science_stats,science_stats_generic,state_comfort,medium,"Program pathways should be verified from official admission circular and counselling notice."
AS,tezpur_university_assam,Tezpur University Sonitpur,Sonitpur,Central university,Public,https://www.tezpuruniversity.ac.in/,https://www.tezpuruniversity.ac.in/,https://www.ugc.gov.in/,education,education_generic,state_comfort,medium,"Education and allied admissions may use central counselling pathways; verify latest rules."
HP,iit_mandi,Indian Institute of Technology Mandi,Mandi,Institute of National Importance,Public,https://www.iitmandi.ac.in/,https://www.iitmandi.ac.in/,https://josaa.nic.in/,engineering,engineering_generic,"state_comfort|national_level",high,"IIT admissions route is all-India counselling; verify latest JoSAA guidance."
DL,nlud_delhi,National Law University Delhi,New Delhi,Law university,Public,https://nludelhi.ac.in/,https://nludelhi.ac.in/,https://www.abcindia.org/,law,law_generic,"state_comfort|national_level",high,"Law admission criteria and test pattern can change; verify latest NLU Delhi notification."
RJ,bits_pilani_pilani_campus,BITS Pilani Pilani Campus,Pilani,Deemed university,Private,https://www.bits-pilani.ac.in/pilani/,https://www.bits-pilani.ac.in/pilani/,https://www.ugc.gov.in/,engineering,engineering_generic,"state_comfort|national_level",high,"Institute-level admission test and counselling details should be verified each cycle."
OD,ximb_bhubaneswar,Xavier Institute of Management Bhubaneswar,Bhubaneswar,Private business school,Private,https://ximb.edu.in/,https://ximb.edu.in/,https://www.ugc.gov.in/,management,management_generic,state_comfort,medium,"Management admissions accept multiple exams; verify latest accepted scores and cutoffs."
UP,amu_aligarh,Aligarh Muslim University Aligarh,Aligarh,Central university,Public,https://www.amu.ac.in/,https://www.amu.ac.in/,https://www.ugc.gov.in/,humanities,humanities_generic,state_comfort,high,"Central university routes and reservation policies should be verified from current prospectus."
WB,nit_durgapur,National Institute of Technology Durgapur,Durgapur,Institute of National Importance,Public,https://nitdgp.ac.in/,https://nitdgp.ac.in/,https://josaa.nic.in/,engineering,engineering_generic,"state_comfort|national_level",high,"NIT route is counselling based; verify JoSAA and CSAB schedule for the intake year."
KA,sjcc_bengaluru,St Josephs College of Commerce Bengaluru,Bengaluru,Autonomous college,Private,https://sjcc.edu.in/,https://sjcc.edu.in/,https://www.ugc.gov.in/,commerce,commerce_generic,state_comfort,medium,"Commerce intake and merit criteria should be verified from latest college admissions page."
AS,gauhati_medical_college,Gauhati Medical College and Hospital Guwahati,Guwahati,Government medical college,Public,https://gmchassam.gov.in/,https://gmchassam.gov.in/,https://mcc.nic.in/,medicine,medicine_mbbs,state_comfort,medium,"State and all-India counselling split should be verified for current NEET cycle."
TN,kalasalingam_srivilliputhur,Kalasalingam Academy of Research and Education Srivilliputhur,Srivilliputhur,Deemed university,Private,https://www.kalasalingam.ac.in/,https://www.kalasalingam.ac.in/,https://www.ugc.gov.in/,design,design_generic,state_comfort,medium,"Design and engineering-adjacent pathways should be verified from official admission handbook."
UK,pantnagar_university,G B Pant University of Agriculture and Technology Pantnagar,Pantnagar,State university,Public,https://www.gbpuat.ac.in/,https://www.gbpuat.ac.in/,https://www.ugc.gov.in/,science_stats,science_stats_generic,state_comfort,medium,"Science and agriculture-linked admission routes should be verified against latest state counselling notice."
UP,iiit_allahabad,Indian Institute of Information Technology Allahabad,Prayagraj,Institute of National Importance,Public,https://www.iiita.ac.in/,https://www.iiita.ac.in/,https://josaa.nic.in/,engineering,engineering_generic,"state_comfort|national_level",high,"Institute admissions route follows counselling; verify latest JoSAA and CSAB notices."
RJ,nlu_jodhpur,National Law University Jodhpur,Jodhpur,Law university,Public,https://www.nlujodhpur.ac.in/,https://www.nlujodhpur.ac.in/,https://consortiumofnlus.ac.in/,law,law_generic,"state_comfort|national_level",high,"Law admission criteria may change by cycle; verify current consortium counselling bulletin."
MH,nmims_mumbai,NMIMS Mumbai Campus,Mumbai,Deemed university,Private,https://www.nmims.edu/,https://www.nmims.edu/,https://www.ugc.gov.in/,management,management_generic,state_comfort,medium,"Management pathways can include multiple tests and institute process; verify latest details."
WB,jadavpur_university_kolkata,Jadavpur University Kolkata,Kolkata,State university,Public,https://jadavpuruniversity.in/,https://jadavpuruniversity.in/,https://www.ugc.gov.in/,engineering,engineering_generic,state_comfort,high,"State and institute-level admission channels should be verified against current notifications."
GA,goa_medical_college_panaji,Goa Medical College Panaji,Panaji,Government medical college,Public,https://www.gmc.goa.gov.in/,https://www.gmc.goa.gov.in/,https://mcc.nic.in/,medicine,medicine_mbbs,state_comfort,medium,"Medical admission split between state and all-India counselling should be verified."
MH,mit_wpu_pune,MIT World Peace University Pune,Pune,Private university,Private,https://mitwpu.edu.in/,https://mitwpu.edu.in/,https://www.ugc.gov.in/,design,design_generic,state_comfort,medium,"Design and interdisciplinary pathways should be verified from latest admissions brochure."
KL,kerala_agricultural_university_thrissur,Kerala Agricultural University Thrissur,Thrissur,State university,Public,https://www.kau.in/,https://www.kau.in/,https://www.ugc.gov.in/,science_stats,science_stats_generic,state_comfort,medium,"Agriculture and science admission routes should be verified from state counselling updates."
KA,jain_university_bengaluru,JAIN Deemed to be University Bengaluru,Bengaluru,Deemed university,Private,https://www.jainuniversity.ac.in/,https://www.jainuniversity.ac.in/,https://www.ugc.gov.in/,commerce,commerce_generic,state_comfort,medium,"Commerce admissions route may include merit and test components; verify latest criteria."
AS,cotton_university_guwahati,Cotton University Guwahati,Guwahati,State university,Public,https://cottonuniversity.ac.in/,https://cottonuniversity.ac.in/,https://www.ugc.gov.in/,humanities,humanities_generic,state_comfort,medium,"Humanities intake and reservation policy should be verified from current prospectus."
TN,iiitdm_kancheepuram,IIITDM Kancheepuram,Chennai,Institute of National Importance,Public,https://www.iiitdm.ac.in/,https://www.iiitdm.ac.in/,https://josaa.nic.in/,engineering,engineering_generic,"state_comfort|national_level",high,"Admission pathway follows national counselling; verify current JoSAA schedule."
HP,nit_hamirpur,National Institute of Technology Hamirpur,Hamirpur,Institute of National Importance,Public,https://nith.ac.in/,https://nith.ac.in/,https://josaa.nic.in/,engineering,engineering_generic,"state_comfort|national_level",high,"NIT admissions route is counselling based; verify current JoSAA and CSAB timelines."
UP,rmlims_lucknow,Dr Ram Manohar Lohia Institute of Medical Sciences Lucknow,Lucknow,Government medical college,Public,https://www.drrmlims.ac.in/,https://www.drrmlims.ac.in/,https://mcc.nic.in/,medicine,medicine_mbbs,state_comfort,medium,"Medical seat allocation split should be verified from state and all-India counselling notices."
HR,ashoka_university_sonepat,Ashoka University Sonipat,Sonipat,Private university,Private,https://www.ashoka.edu.in/,https://www.ashoka.edu.in/,https://www.ugc.gov.in/,humanities,humanities_generic,state_comfort,medium,"Liberal arts admissions often include holistic evaluation; verify current criteria and timelines."
KL,amrita_kochi,Amrita School of Medicine Kochi,Kochi,Private medical college,Private,https://www.amrita.edu/school/medicine/kochi/,https://www.amrita.edu/school/medicine/kochi/,https://mcc.nic.in/,medicine,medicine_mbbs,state_comfort,medium,"Medical admission route should be verified each cycle for quota split and counselling process."
TS,aurobindo_pharma_hyderabad,Aurobindo Pharma Foundation Hyderabad,Hyderabad,Private institute,Private,https://www.aurobindo.com/,https://www.aurobindo.com/,https://www.pci.nic.in/,pharmacy,pharmacy_generic,state_comfort,low,"Program-level eligibility and approval status should be manually verified before relying on this record."
JK,central_university_kashmir,Central University of Kashmir,Ganderbal,Central university,Public,https://www.cukashmir.ac.in/,https://www.cukashmir.ac.in/,https://www.ugc.gov.in/,education,education_generic,state_comfort,medium,"Education pathways and reservation policies should be verified from latest university prospectus."
PB,gndu_amritsar,Guru Nanak Dev University Amritsar,Amritsar,State university,Public,https://www.gndu.ac.in/,https://www.gndu.ac.in/,https://www.ugc.gov.in/,commerce,commerce_generic,state_comfort,high,"State university commerce admissions should be verified for updated merit and entrance criteria."
RJ,mcg_jodhpur,Dr SN Medical College Jodhpur,Jodhpur,Government medical college,Public,https://www.snmcjodhpur.org/,https://www.snmcjodhpur.org/,https://mcc.nic.in/,medicine,medicine_mbbs,state_comfort,medium,"Counselling path and domicile reservation split should be verified for current NEET cycle."
WB,iihm_kolkata,International Institute of Hotel Management Kolkata,Kolkata,Private institute,Private,https://www.iihm.ac.in/,https://www.iihm.ac.in/,https://www.ugc.gov.in/,fashion_media,fashion_media_generic,state_comfort,medium,"Hospitality and media-adjacent pathways should be validated against latest institute admission guide."
TS,niper_hyderabad,National Institute of Pharmaceutical Education and Research Hyderabad,Hyderabad,Institute of National Importance,Public,https://niperhyd.ac.in/,https://niperhyd.ac.in/,https://www.pci.nic.in/,pharmacy,pharmacy_generic,"state_comfort|national_level",high,"National pharmacy admissions should be validated from current institute and regulator notifications."
BR,nit_patna,National Institute of Technology Patna,Patna,Institute of National Importance,Public,https://www.nitp.ac.in/,https://www.nitp.ac.in/,https://josaa.nic.in/,engineering,engineering_generic,"state_comfort|national_level",high,"NIT admissions route is counselling based; verify current JoSAA and CSAB timelines."
MH,afmc_pune,Armed Forces Medical College Pune,Pune,Government medical college,Public,https://afmc.nic.in/,https://afmc.nic.in/,https://mcc.nic.in/,medicine,medicine_mbbs,state_comfort,high,"Medical intake follows NEET-based pathway with additional selection stages; verify current process."
UP,imt_ghaziabad,Institute of Management Technology Ghaziabad,Ghaziabad,Private business school,Private,https://www.imt.edu/,https://www.imt.edu/,https://www.ugc.gov.in/,management,management_generic,state_comfort,medium,"Management admissions and accepted tests should be verified from latest official announcement."
JK,iit_jammu,Indian Institute of Technology Jammu,Jammu,Institute of National Importance,Public,https://www.iitjammu.ac.in/,https://www.iitjammu.ac.in/,https://josaa.nic.in/,engineering,engineering_generic,"state_comfort|national_level",high,"IIT admissions route is all-India counselling; verify latest JoSAA policy."
AP,apollo_college_pharmacy_anantapur,Apollo College of Pharmacy Anantapur,Anantapur,Private pharmacy college,Private,https://www.apollocollegeofpharmacy.edu.in/,https://www.apollocollegeofpharmacy.edu.in/,https://www.pci.nic.in/,pharmacy,pharmacy_generic,state_comfort,medium,"Program approval status and counselling route should be validated from regulator and state notices."
KL,cusat_kochi,Cochin University of Science and Technology Kochi,Kochi,State university,Public,https://cusat.ac.in/,https://cusat.ac.in/,https://www.ugc.gov.in/,science_stats,science_stats_generic,state_comfort,high,"Science and technology admissions can include university-level tests; verify current bulletin."
MP,davv_indore,Devi Ahilya Vishwavidyalaya Indore,Indore,State university,Public,https://www.dauniv.ac.in/,https://www.dauniv.ac.in/,https://www.ugc.gov.in/,commerce,commerce_generic,state_comfort,medium,"Commerce admissions and merit criteria should be verified from latest university notice."
AS,nlu_assam_guwahati,National Law University and Judicial Academy Assam,Guwahati,Law university,Public,https://nluassam.ac.in/,https://nluassam.ac.in/,https://consortiumofnlus.ac.in/,law,law_generic,"state_comfort|national_level",high,"Law counselling and category rules should be verified against current consortium updates."
HR,sgt_university_gurugram,SGT University Gurugram,Gurugram,Private university,Private,https://sgtuniversity.ac.in/,https://sgtuniversity.ac.in/,https://www.ugc.gov.in/,dentistry,dentistry_generic,state_comfort,medium,"Dental admissions and DCI-linked approvals should be verified from current official notices."
UP,bundelkhand_university_jhansi,Bundelkhand University Jhansi,Jhansi,State university,Public,https://www.bujhansi.ac.in/,https://www.bujhansi.ac.in/,https://www.ugc.gov.in/,education,education_generic,state_comfort,medium,"Education program pathways and seat matrix should be verified from latest admissions circular."
MH,iiit_nagpur,Indian Institute of Information Technology Nagpur,Nagpur,Institute of National Importance,Public,https://iiitn.ac.in/,https://iiitn.ac.in/,https://josaa.nic.in/,engineering,engineering_generic,"state_comfort|national_level",high,"IIIT admission route follows national counselling; verify latest JoSAA and CSAB updates."
OD,bjb_college_bhubaneswar,BJB Autonomous College Bhubaneswar,Bhubaneswar,Autonomous college,Public,https://bjbcollege.in/,https://bjbcollege.in/,https://www.ugc.gov.in/,commerce,commerce_generic,state_comfort,medium,"Autonomous college intake and reservation policy should be validated from current notice."
UP,dr_ram_manoher_lohia_institute_lucknow,Dr Ram Manohar Lohia Institute Lucknow,Lucknow,Government medical college,Public,https://www.drrmlims.ac.in/,https://www.drrmlims.ac.in/,https://mcc.nic.in/,medicine,medicine_mbbs,state_comfort,medium,"Medical counselling seat matrix should be verified each cycle for quota split."
WB,presidency_university_kolkata,Presidency University Kolkata,Kolkata,State university,Public,https://www.presiuniv.ac.in/,https://www.presiuniv.ac.in/,https://www.ugc.gov.in/,science_stats,science_stats_generic,state_comfort,high,"State university science admissions should be verified from current official bulletin."
RJ,manipal_jaipur,Manipal University Jaipur,Jaipur,Private university,Private,https://jaipur.manipal.edu/,https://jaipur.manipal.edu/,https://www.ugc.gov.in/,engineering,engineering_generic,state_comfort,medium,"Engineering and allied pathway details should be confirmed from latest admission handbook."
DL,vmmc_safdarjung_delhi,Vardhman Mahavir Medical College New Delhi,New Delhi,Government medical college,Public,https://vmmc-sjh.mohfw.gov.in/,https://vmmc-sjh.mohfw.gov.in/,https://mcc.nic.in/,medicine,medicine_mbbs,"state_comfort|national_level",high,"Medical admission pathway follows counselling; verify current all-India and state allocation."
GJ,nift_gandhinagar,National Institute of Fashion Technology Gandhinagar,Gandhinagar,Autonomous institute,Public,https://www.nift.ac.in/gandhinagar/,https://www.nift.ac.in/gandhinagar/,https://nift.ac.in/admission,design,design_generic,"state_comfort|national_level",high,"Design intake criteria and exam schedule should be validated from official NIFT bulletin."
MH,muhs_nashik,Maharashtra University of Health Sciences Nashik,Nashik,State university,Public,https://www.muhs.ac.in/,https://www.muhs.ac.in/,https://www.ugc.gov.in/,education,education_generic,state_comfort,medium,"Health sciences and education-linked pathways should be verified from latest university notice."
PB,cupb_bathinda,Central University of Punjab Bathinda,Bathinda,Central university,Public,https://cup.edu.in/,https://cup.edu.in/,https://www.ugc.gov.in/,humanities,humanities_generic,state_comfort,medium,"Central university admission criteria should be validated against the current prospectus."
TS,nalsar_hyderabad,NALSAR University of Law Hyderabad,Hyderabad,Law university,Public,https://www.nalsar.ac.in/,https://www.nalsar.ac.in/,https://consortiumofnlus.ac.in/,law,law_generic,"state_comfort|national_level",high,"Law counselling route and reservation rules should be verified from consortium updates."
JH,iiit_ranchi,Indian Institute of Information Technology Ranchi,Ranchi,Institute of National Importance,Public,https://iiitranchi.ac.in/,https://iiitranchi.ac.in/,https://josaa.nic.in/,engineering,engineering_generic,"state_comfort|national_level",high,"IIIT admissions are counselling based; verify current JoSAA and CSAB schedule."
DL,fms_delhi,Faculty of Management Studies Delhi,New Delhi,Public business school,Public,https://www.fms.edu/,https://www.fms.edu/,https://www.ugc.gov.in/,management,management_generic,state_comfort,high,"Management pathways and accepted scores should be verified from latest official bulletin."
BR,muzaffarpur_institute_technology,Muzaffarpur Institute of Technology Muzaffarpur,Muzaffarpur,Government engineering college,Public,https://www.mitmuzaffarpur.org/,https://www.mitmuzaffarpur.org/,https://bceceboard.bihar.gov.in/,engineering,engineering_generic,state_comfort,medium,"State counselling route and seat matrix should be validated from current state notices."
TR,nlu_tripura_agartala,National Law University Tripura Agartala,Agartala,Law university,Public,https://nlutripura.ac.in/,https://nlutripura.ac.in/,https://consortiumofnlus.ac.in/,law,law_generic,"state_comfort|national_level",medium,"Law admission pathway should be validated from current consortium and university notices."
DL,lady_hardinge_medical_college_delhi,Lady Hardinge Medical College New Delhi,New Delhi,Government medical college,Public,https://lhmc-hosp.gov.in/,https://lhmc-hosp.gov.in/,https://mcc.nic.in/,medicine,medicine_mbbs,"state_comfort|national_level",high,"Medical counselling and quota split should be verified each cycle through official notices."
AS,nid_assam_jorhat,National Institute of Design Assam Jorhat,Jorhat,Institute of National Importance,Public,https://www.nidj.ac.in/,https://www.nidj.ac.in/,https://admissions.nid.edu/,design,design_generic,"state_comfort|national_level",high,"Design admissions route should be validated from latest NID entrance bulletin."
TN,anna_university_chennai,Anna University Chennai,Chennai,State university,Public,https://www.annauniv.edu/,https://www.annauniv.edu/,https://www.ugc.gov.in/,engineering,engineering_generic,state_comfort,high,"State counselling and affiliated-college route should be verified from current TN admission notifications."
UK,doon_university_dehradun,Doon University Dehradun,Dehradun,State university,Public,https://www.doonuniversity.ac.in/,https://www.doonuniversity.ac.in/,https://www.ugc.gov.in/,humanities,humanities_generic,state_comfort,medium,"Humanities and interdisciplinary admission criteria should be validated from latest prospectus."
DL,jamia_hamdard_new_delhi,Jamia Hamdard New Delhi,New Delhi,Deemed university,Private,https://jamiahamdard.edu/,https://jamiahamdard.edu/,https://www.pci.nic.in/,pharmacy,pharmacy_generic,state_comfort,high,"Pharmacy admission pathways and approval status should be verified from current official notices."
OD,vssut_burla,Veer Surendra Sai University of Technology Burla,Burla,State university,Public,https://www.vssut.ac.in/,https://www.vssut.ac.in/,https://www.ugc.gov.in/,science_stats,science_stats_generic,state_comfort,medium,"Science and technology intake channels should be validated from latest state admission notifications."
KA,bapuji_dental_college_davangere,Bapuji Dental College and Hospital Davangere,Davangere,Private dental college,Private,https://www.bapujidental.edu/,https://www.bapujidental.edu/,https://dciindia.gov.in/,dentistry,dentistry_generic,state_comfort,medium,"Dental admission route and DCI approval status should be verified from current official notices."
KA,manipal_college_of_architecture_manipal,Manipal School of Architecture and Planning Manipal,Manipal,Private architecture school,Private,https://manipal.edu/msap.html,https://manipal.edu/msap.html,https://www.coa.gov.in/,architecture,architecture_generic,state_comfort,medium,"Architecture eligibility and NATA/JEE paper requirements should be verified each cycle."
UK,gbpuat_pantnagar_vet,College of Veterinary and Animal Sciences Pantnagar,Pantnagar,State university college,Public,https://www.gbpuat.ac.in/,https://www.gbpuat.ac.in/,https://icar.org.in/,veterinary,veterinary_generic,state_comfort,medium,"Veterinary seat matrix and counselling route should be validated from state and ICAR notices."
UP,banaras_hindu_university_ayush,Faculty of Ayurveda IMS BHU Varanasi,Varanasi,Central university faculty,Public,https://www.bhu.ac.in/,https://www.bhu.ac.in/,https://ncismindia.org/,ayush,ayush_generic,state_comfort,medium,"AYUSH intake pathway should be verified against NCISM and university counselling notices."
KA,sdm_college_ayurveda_udupi,SDM College of Ayurveda Udupi,Udupi,Private AYUSH college,Private,https://sdmayurvedacollegeudupi.in/,https://sdmayurvedacollegeudupi.in/,https://ncismindia.org/,ayush,ayush_generic,state_comfort,medium,"AYUSH approvals and counselling rules should be verified from regulator and state bulletins."
HR,college_veterinary_science_hisar,College of Veterinary Sciences LUVAS Hisar,Hisar,State university college,Public,https://www.luvas.edu.in/,https://www.luvas.edu.in/,https://icar.org.in/,veterinary,veterinary_generic,state_comfort,high,"Veterinary admissions and seat categories should be validated from LUVAS and ICAR updates."
AP,spa_vijayawada,School of Planning and Architecture Vijayawada,Vijayawada,Institute of National Importance,Public,https://spav.ac.in/,https://spav.ac.in/,https://www.coa.gov.in/,architecture,architecture_generic,"state_comfort|national_level",high,"Architecture route may include national admission channels; verify current entrance requirements."
DL,maulana_azad_institute_dental_sciences_delhi,Maulana Azad Institute of Dental Sciences New Delhi,New Delhi,Government dental college,Public,https://maids.ac.in/,https://maids.ac.in/,https://dciindia.gov.in/,dentistry,dentistry_generic,"state_comfort|national_level",high,"Dental counselling pathway and DCI recognition should be verified from current official notices."
TN,madras_veterinary_college_chennai,Madras Veterinary College Chennai,Chennai,State veterinary college,Public,https://tanuvas.ac.in/mvc.php,https://tanuvas.ac.in/mvc.php,https://icar.org.in/,veterinary,veterinary_generic,state_comfort,high,"Veterinary intake is state-linked; verify latest counselling and seat matrix from TANUVAS."
KA,government_unani_medical_college_bengaluru,Government Unani Medical College Bengaluru,Bengaluru,Government AYUSH college,Public,https://www.karnataka.gov.in/,https://www.karnataka.gov.in/,https://ncismindia.org/,ayush,ayush_generic,state_comfort,low,"Program-level details should be manually verified from state AYUSH and regulator sources before reliance."
MH,bvp_dental_college_pune,Bharati Vidyapeeth Dental College and Hospital Pune,Pune,Private dental college,Private,https://dchpune.bharatividyapeeth.edu/,https://dchpune.bharatividyapeeth.edu/,https://dciindia.gov.in/,dentistry,dentistry_generic,state_comfort,medium,"Dental admission route and regulator recognition should be validated from latest official notices."
KA,kvg_dental_college_sullia,KVG Dental College and Hospital Sullia,Sullia,Private dental college,Private,https://www.kvgdentalcollege.org/,https://www.kvgdentalcollege.org/,https://dciindia.gov.in/,dentistry,dentistry_generic,state_comfort,medium,"State counselling and DCI-linked program approvals should be verified each cycle."
UP,faculty_of_dental_sciences_kgmu_lucknow,Faculty of Dental Sciences KGMU Lucknow,Lucknow,Government dental college,Public,https://www.kgmu.org/,https://www.kgmu.org/,https://dciindia.gov.in/,dentistry,dentistry_generic,state_comfort,high,"Dental counselling pathway should be validated from current state and all-India notices."
TN,ragas_dental_college_chennai,Ragas Dental College and Hospital Chennai,Chennai,Private dental college,Private,https://www.ragasdentalcollege.com/,https://www.ragasdentalcollege.com/,https://dciindia.gov.in/,dentistry,dentistry_generic,state_comfort,medium,"Dental seat matrix and admission route should be verified against latest notifications."
GJ,government_dental_college_jamnagar,Government Dental College and Hospital Jamnagar,Jamnagar,Government dental college,Public,https://www.gdcjamnagar.org/,https://www.gdcjamnagar.org/,https://dciindia.gov.in/,dentistry,dentistry_generic,state_comfort,medium,"Dental intake should be validated through current state counselling and regulator data."
DL,all_india_institute_ayurveda_delhi,All India Institute of Ayurveda New Delhi,New Delhi,Institute of National Importance,Public,https://aiia.gov.in/,https://aiia.gov.in/,https://ncismindia.org/,ayush,ayush_generic,"state_comfort|national_level",high,"AYUSH national institute admissions and regulator status should be verified from official bulletins."
RJ,national_institute_ayurveda_jaipur,National Institute of Ayurveda Jaipur,Jaipur,Deemed university,Public,https://nia.nic.in/,https://nia.nic.in/,https://ncismindia.org/,ayush,ayush_generic,state_comfort,high,"AYUSH counselling route and eligibility should be validated against current institute and regulator notices."
UP,banaras_hindu_university_ayush,Faculty of Ayurveda IMS BHU Varanasi,Varanasi,Central university faculty,Public,https://www.bhu.ac.in/,https://www.bhu.ac.in/,https://ncismindia.org/,ayush,ayush_generic,state_comfort,high,"AYUSH programs should be verified through university bulletins and NCISM updates."
AS,government_ayurvedic_college_guwahati,Government Ayurvedic College Guwahati,Guwahati,Government AYUSH college,Public,https://www.gacassam.com/,https://www.gacassam.com/,https://ncismindia.org/,ayush,ayush_generic,state_comfort,medium,"AYUSH approval and counselling details should be validated through state and regulator notices."
KA,fr_muller_homeopathic_mangaluru,Father Muller Homeopathic Medical College Mangaluru,Mangaluru,Private AYUSH college,Private,https://www.fmhomoeopathy.org/,https://www.fmhomoeopathy.org/,https://ncismindia.org/,ayush,ayush_generic,state_comfort,medium,"AYUSH course approvals and admission pathway should be verified from official institute and regulator pages."
MH,sir_jj_college_architecture_mumbai,Sir JJ College of Architecture Mumbai,Mumbai,Government architecture college,Public,https://www.sirjjarchitecture.org/,https://www.sirjjarchitecture.org/,https://www.coa.gov.in/,architecture,architecture_generic,state_comfort,high,"Architecture admission route and NATA/JEE requirements should be validated from official notices."
KA,rv_college_architecture_bengaluru,RV College of Architecture Bengaluru,Bengaluru,Private architecture college,Private,https://rvca.edu.in/,https://rvca.edu.in/,https://www.coa.gov.in/,architecture,architecture_generic,state_comfort,medium,"Architecture seat matrix and counselling route should be verified from state and institute updates."
DL,spa_delhi,School of Planning and Architecture New Delhi,New Delhi,Institute of National Importance,Public,https://spa.ac.in/,https://spa.ac.in/,https://www.coa.gov.in/,architecture,architecture_generic,"state_comfort|national_level",high,"Architecture admissions may use national-level counselling; verify current entrance requirement."
GJ,cept_faculty_architecture_ahmedabad,CEPT Faculty of Architecture Ahmedabad,Ahmedabad,Private university faculty,Private,https://cept.ac.in/faculty-of-architecture,https://cept.ac.in/faculty-of-architecture,https://www.coa.gov.in/,architecture,architecture_generic,state_comfort,high,"Program-wise architecture intake should be verified from official CEPT admission bulletin."
KL,nit_calicut_architecture,NIT Calicut Department of Architecture and Planning,Kozhikode,Institute of National Importance,Public,https://nitc.ac.in/,https://nitc.ac.in/,https://www.coa.gov.in/,architecture,architecture_generic,"state_comfort|national_level",high,"Architecture and planning route should be validated from NIT and counselling notifications."
RJ,college_veterinary_science_bikaner,College of Veterinary and Animal Science Bikaner,Bikaner,State veterinary college,Public,https://www.rajuvas.org/,https://www.rajuvas.org/,https://icar.org.in/,veterinary,veterinary_generic,state_comfort,high,"Veterinary admissions should be validated from RAJUVAS and ICAR counselling updates."
AP,college_veterinary_science_tirupati,College of Veterinary Science Tirupati,Tirupati,State veterinary college,Public,https://svvu.edu.in/,https://svvu.edu.in/,https://icar.org.in/,veterinary,veterinary_generic,state_comfort,high,"Veterinary program intake and seat categories should be verified from current SVVU notices."
MH,bombay_veterinary_college_mumbai,Bombay Veterinary College Mumbai,Mumbai,State veterinary college,Public,https://mafsu.in/bvc/,https://mafsu.in/bvc/,https://icar.org.in/,veterinary,veterinary_generic,state_comfort,high,"Veterinary counselling and seat matrix should be validated through MAFSU and ICAR notices."
KA,veterinary_college_bidar,Veterinary College Bidar,Bidar,State veterinary college,Public,https://www.kvafsu.edu.in/,https://www.kvafsu.edu.in/,https://icar.org.in/,veterinary,veterinary_generic,state_comfort,medium,"Veterinary admissions and regulator alignment should be verified from state university sources."
RJ,rajasthan_university_veterinary_bikaner,Rajasthan University of Veterinary and Animal Sciences Bikaner,Bikaner,State university,Public,https://www.rajuvas.org/,https://www.rajuvas.org/,https://icar.org.in/,veterinary,veterinary_generic,state_comfort,high,"University-level veterinary pathways should be verified from latest state and ICAR notifications."
